"t";"m";"s";"T"
0 ; 0 ; 0 ; 39.06
0 ; 0 ; 2 ; 52.06
0 ; 0 ; 4 ; 62.06
0 ; 0 ; 6 ; 69.19
0 ; 0 ; 7 ; 74.50
0 ; 0 ; 9 ; 78.50
0 ; 0 ; 11 ; 81.50
0 ; 0 ; 13 ; 83.87
0 ; 0 ; 15 ; 85.62
0 ; 0 ; 16 ; 87.06
0 ; 0 ; 18 ; 88.19
0 ; 0 ; 20 ; 89.12
0 ; 0 ; 22 ; 89.81
0 ; 0 ; 23 ; 90.50
0 ; 0 ; 25 ; 91.00
0 ; 0 ; 27 ; 91.50
0 ; 0 ; 29 ; 91.94
0 ; 0 ; 31 ; 92.25
0 ; 0 ; 32 ; 92.56
0 ; 0 ; 34 ; 92.87
0 ; 0 ; 36 ; 93.12
0 ; 0 ; 38 ; 93.31
0 ; 0 ; 39 ; 93.50
0 ; 0 ; 41 ; 93.69
0 ; 0 ; 43 ; 93.81
0 ; 0 ; 45 ; 93.87
0 ; 0 ; 47 ; 94.00
0 ; 0 ; 48 ; 94.06
0 ; 0 ; 50 ; 94.25
0 ; 0 ; 52 ; 94.37
0 ; 0 ; 54 ; 94.44
0 ; 0 ; 56 ; 94.50
0 ; 0 ; 57 ; 94.62
0 ; 0 ; 59 ; 94.69
0 ; 1 ; 1 ; 94.62
0 ; 1 ; 3 ; 94.69
0 ; 1 ; 4 ; 94.75
0 ; 1 ; 6 ; 94.81
0 ; 1 ; 8 ; 94.87
0 ; 1 ; 10 ; 94.87
0 ; 1 ; 12 ; 94.87
0 ; 1 ; 13 ; 94.87
0 ; 1 ; 15 ; 94.87
0 ; 1 ; 17 ; 94.87
0 ; 1 ; 19 ; 94.87
0 ; 1 ; 20 ; 94.87
0 ; 1 ; 22 ; 94.87
0 ; 1 ; 24 ; 94.87
0 ; 1 ; 26 ; 94.87
0 ; 1 ; 28 ; 94.87
0 ; 1 ; 29 ; 94.81
0 ; 1 ; 31 ; 94.81
0 ; 1 ; 33 ; 94.81
0 ; 1 ; 35 ; 94.81
0 ; 1 ; 36 ; 94.75
0 ; 1 ; 38 ; 94.75
0 ; 1 ; 40 ; 94.69
0 ; 1 ; 42 ; 94.69
0 ; 1 ; 44 ; 94.62
0 ; 1 ; 45 ; 94.62
0 ; 1 ; 47 ; 94.62
0 ; 1 ; 49 ; 94.56
0 ; 1 ; 51 ; 94.56
0 ; 1 ; 52 ; 94.56
0 ; 1 ; 54 ; 94.50
0 ; 1 ; 56 ; 94.50
0 ; 1 ; 58 ; 94.50
0 ; 2 ; 0 ; 94.50
0 ; 2 ; 1 ; 94.44
0 ; 2 ; 3 ; 94.44
0 ; 2 ; 5 ; 94.44
0 ; 2 ; 7 ; 94.44
0 ; 2 ; 8 ; 94.44
0 ; 2 ; 10 ; 94.37
0 ; 2 ; 12 ; 94.37
0 ; 2 ; 14 ; 94.31
0 ; 2 ; 16 ; 94.31
0 ; 2 ; 17 ; 94.25
0 ; 2 ; 19 ; 94.25
0 ; 2 ; 21 ; 94.25
0 ; 2 ; 23 ; 94.19
0 ; 2 ; 25 ; 94.19
0 ; 2 ; 26 ; 94.19
0 ; 2 ; 28 ; 94.12
0 ; 2 ; 30 ; 94.12
0 ; 2 ; 32 ; 94.06
0 ; 2 ; 33 ; 94.06
0 ; 2 ; 35 ; 94.06
0 ; 2 ; 37 ; 94.00
0 ; 2 ; 39 ; 94.00
0 ; 2 ; 41 ; 94.00
0 ; 2 ; 42 ; 93.94
0 ; 2 ; 44 ; 93.94
0 ; 2 ; 46 ; 93.87
0 ; 2 ; 48 ; 93.87
0 ; 2 ; 49 ; 93.87
0 ; 2 ; 51 ; 93.81
0 ; 2 ; 53 ; 93.81
0 ; 2 ; 55 ; 93.81
0 ; 2 ; 57 ; 93.75
0 ; 2 ; 58 ; 93.75
0 ; 3 ; 0 ; 93.69
0 ; 3 ; 2 ; 93.69
0 ; 3 ; 4 ; 93.69
0 ; 3 ; 5 ; 93.69
0 ; 3 ; 7 ; 93.62
0 ; 3 ; 9 ; 93.62
0 ; 3 ; 11 ; 93.56
0 ; 3 ; 13 ; 93.56
0 ; 3 ; 14 ; 93.56
0 ; 3 ; 16 ; 93.56
0 ; 3 ; 18 ; 93.50
0 ; 3 ; 20 ; 93.50
0 ; 3 ; 21 ; 93.44
0 ; 3 ; 23 ; 93.44
0 ; 3 ; 25 ; 93.44
0 ; 3 ; 27 ; 93.44
0 ; 3 ; 29 ; 93.37
0 ; 3 ; 30 ; 93.37
0 ; 3 ; 32 ; 93.31
0 ; 3 ; 34 ; 93.31
0 ; 3 ; 36 ; 93.25
0 ; 3 ; 37 ; 93.25
0 ; 3 ; 39 ; 93.25
0 ; 3 ; 41 ; 93.19
0 ; 3 ; 43 ; 93.19
0 ; 3 ; 45 ; 93.19
0 ; 3 ; 46 ; 93.12
0 ; 3 ; 48 ; 93.12
0 ; 3 ; 50 ; 93.12
0 ; 3 ; 52 ; 93.06
0 ; 3 ; 54 ; 93.06
0 ; 3 ; 55 ; 93.06
0 ; 3 ; 57 ; 92.94
0 ; 3 ; 59 ; 92.69
0 ; 4 ; 1 ; 92.31
0 ; 4 ; 2 ; 92.00
0 ; 4 ; 4 ; 91.75
0 ; 4 ; 6 ; 91.50
0 ; 4 ; 8 ; 91.37
0 ; 4 ; 10 ; 91.25
0 ; 4 ; 11 ; 91.12
0 ; 4 ; 13 ; 91.06
0 ; 4 ; 15 ; 91.00
0 ; 4 ; 17 ; 90.94
0 ; 4 ; 18 ; 90.87
0 ; 4 ; 20 ; 90.81
0 ; 4 ; 22 ; 90.81
0 ; 4 ; 24 ; 90.75
0 ; 4 ; 26 ; 90.75
0 ; 4 ; 27 ; 90.69
0 ; 4 ; 29 ; 90.69
0 ; 4 ; 31 ; 90.62
0 ; 4 ; 33 ; 90.62
0 ; 4 ; 34 ; 90.56
0 ; 4 ; 36 ; 90.56
0 ; 4 ; 38 ; 90.56
0 ; 4 ; 40 ; 90.50
0 ; 4 ; 42 ; 90.50
0 ; 4 ; 43 ; 90.50
0 ; 4 ; 45 ; 90.44
0 ; 4 ; 47 ; 90.44
0 ; 4 ; 49 ; 90.37
0 ; 4 ; 50 ; 90.37
0 ; 4 ; 52 ; 90.31
0 ; 4 ; 54 ; 90.31
0 ; 4 ; 56 ; 90.31
0 ; 4 ; 58 ; 90.25
0 ; 4 ; 59 ; 90.25
0 ; 5 ; 1 ; 90.19
0 ; 5 ; 3 ; 90.19
0 ; 5 ; 5 ; 90.19
0 ; 5 ; 6 ; 90.12
0 ; 5 ; 8 ; 90.12
0 ; 5 ; 10 ; 90.06
0 ; 5 ; 12 ; 90.06
0 ; 5 ; 14 ; 90.06
0 ; 5 ; 15 ; 90.00
0 ; 5 ; 17 ; 90.00
0 ; 5 ; 19 ; 90.00
0 ; 5 ; 21 ; 89.94
0 ; 5 ; 22 ; 89.94
0 ; 5 ; 24 ; 89.87
0 ; 5 ; 26 ; 89.87
0 ; 5 ; 28 ; 89.81
0 ; 5 ; 30 ; 89.81
0 ; 5 ; 31 ; 89.75
0 ; 5 ; 33 ; 89.75
0 ; 5 ; 35 ; 89.75
0 ; 5 ; 37 ; 89.69
0 ; 5 ; 39 ; 89.69
0 ; 5 ; 40 ; 89.69
0 ; 5 ; 42 ; 89.62
0 ; 5 ; 44 ; 89.62
0 ; 5 ; 46 ; 89.56
0 ; 5 ; 47 ; 89.56
0 ; 5 ; 49 ; 89.50
0 ; 5 ; 51 ; 89.50
0 ; 5 ; 53 ; 89.50
0 ; 5 ; 55 ; 89.44
0 ; 5 ; 56 ; 89.44
0 ; 5 ; 58 ; 89.37
0 ; 6 ; 0 ; 89.37
0 ; 6 ; 2 ; 89.37
0 ; 6 ; 3 ; 89.31
0 ; 6 ; 5 ; 89.31
0 ; 6 ; 7 ; 89.31
0 ; 6 ; 9 ; 89.25
0 ; 6 ; 11 ; 89.25
0 ; 6 ; 12 ; 89.19
0 ; 6 ; 14 ; 89.19
0 ; 6 ; 16 ; 89.12
0 ; 6 ; 18 ; 89.12
0 ; 6 ; 19 ; 89.12
0 ; 6 ; 21 ; 89.06
0 ; 6 ; 23 ; 89.06
0 ; 6 ; 25 ; 89.06
0 ; 6 ; 27 ; 89.00
0 ; 6 ; 28 ; 89.00
0 ; 6 ; 30 ; 89.00
0 ; 6 ; 32 ; 88.94
0 ; 6 ; 34 ; 88.94
0 ; 6 ; 35 ; 88.87
0 ; 6 ; 37 ; 88.87
0 ; 6 ; 39 ; 88.87
0 ; 6 ; 41 ; 88.81
0 ; 6 ; 43 ; 88.81
0 ; 6 ; 44 ; 88.75
0 ; 6 ; 46 ; 88.75
0 ; 6 ; 48 ; 88.75
0 ; 6 ; 50 ; 88.69
0 ; 6 ; 51 ; 88.69
0 ; 6 ; 53 ; 88.69
0 ; 6 ; 55 ; 88.62
0 ; 6 ; 57 ; 88.62
0 ; 6 ; 59 ; 88.62
0 ; 7 ; 0 ; 88.56
0 ; 7 ; 2 ; 88.56
0 ; 7 ; 4 ; 88.50
0 ; 7 ; 6 ; 88.50
0 ; 7 ; 8 ; 88.50
0 ; 7 ; 9 ; 88.44
0 ; 7 ; 11 ; 88.44
0 ; 7 ; 13 ; 88.44
0 ; 7 ; 15 ; 88.37
0 ; 7 ; 16 ; 88.37
0 ; 7 ; 18 ; 88.31
0 ; 7 ; 20 ; 88.31
0 ; 7 ; 22 ; 88.25
0 ; 7 ; 24 ; 88.25
0 ; 7 ; 25 ; 88.25
0 ; 7 ; 27 ; 88.19
0 ; 7 ; 29 ; 88.19
0 ; 7 ; 31 ; 88.19
0 ; 7 ; 32 ; 88.12
0 ; 7 ; 34 ; 88.12
0 ; 7 ; 36 ; 88.12
0 ; 7 ; 38 ; 88.06
0 ; 7 ; 40 ; 88.06
0 ; 7 ; 41 ; 88.06
0 ; 7 ; 43 ; 88.00
0 ; 7 ; 45 ; 88.00
0 ; 7 ; 47 ; 87.94
0 ; 7 ; 48 ; 87.94
0 ; 7 ; 50 ; 87.94
0 ; 7 ; 52 ; 87.87
0 ; 7 ; 54 ; 87.87
0 ; 7 ; 56 ; 87.87
0 ; 7 ; 57 ; 87.81
0 ; 7 ; 59 ; 87.81
0 ; 8 ; 1 ; 87.81
0 ; 8 ; 3 ; 87.75
0 ; 8 ; 4 ; 87.75
0 ; 8 ; 6 ; 87.69
0 ; 8 ; 8 ; 87.69
0 ; 8 ; 10 ; 87.69
0 ; 8 ; 12 ; 87.69
0 ; 8 ; 13 ; 87.62
0 ; 8 ; 15 ; 87.62
0 ; 8 ; 17 ; 87.56
0 ; 8 ; 19 ; 87.56
0 ; 8 ; 20 ; 87.56
0 ; 8 ; 22 ; 87.50
0 ; 8 ; 24 ; 87.50
0 ; 8 ; 26 ; 87.50
0 ; 8 ; 28 ; 87.44
0 ; 8 ; 29 ; 87.44
0 ; 8 ; 31 ; 87.44
0 ; 8 ; 33 ; 87.37
0 ; 8 ; 35 ; 87.37
0 ; 8 ; 37 ; 87.37
0 ; 8 ; 38 ; 87.31
0 ; 8 ; 40 ; 87.31
0 ; 8 ; 42 ; 87.25
0 ; 8 ; 44 ; 87.25
0 ; 8 ; 45 ; 87.25
0 ; 8 ; 47 ; 87.25
0 ; 8 ; 49 ; 87.19
0 ; 8 ; 51 ; 87.19
0 ; 8 ; 53 ; 87.19
0 ; 8 ; 54 ; 87.12
0 ; 8 ; 56 ; 87.12
0 ; 8 ; 58 ; 87.06
0 ; 9 ; 0 ; 87.06
0 ; 9 ; 1 ; 87.06
0 ; 9 ; 3 ; 87.06
0 ; 9 ; 5 ; 87.00
0 ; 9 ; 7 ; 87.00
0 ; 9 ; 9 ; 86.94
0 ; 9 ; 10 ; 86.94
0 ; 9 ; 12 ; 86.94
0 ; 9 ; 14 ; 86.87
0 ; 9 ; 16 ; 86.87
0 ; 9 ; 17 ; 86.87
0 ; 9 ; 19 ; 86.81
0 ; 9 ; 21 ; 86.81
0 ; 9 ; 23 ; 86.81
0 ; 9 ; 25 ; 86.75
0 ; 9 ; 26 ; 86.75
0 ; 9 ; 28 ; 86.69
0 ; 9 ; 30 ; 86.69
0 ; 9 ; 32 ; 86.69
0 ; 9 ; 33 ; 86.69
0 ; 9 ; 35 ; 86.62
0 ; 9 ; 37 ; 86.62
0 ; 9 ; 39 ; 86.62
0 ; 9 ; 41 ; 86.56
0 ; 9 ; 42 ; 86.56
0 ; 9 ; 44 ; 86.56
0 ; 9 ; 46 ; 86.50
0 ; 9 ; 48 ; 86.50
0 ; 9 ; 49 ; 86.50
0 ; 9 ; 51 ; 86.44
0 ; 9 ; 53 ; 86.44
0 ; 9 ; 55 ; 86.44
0 ; 9 ; 57 ; 86.37
0 ; 9 ; 58 ; 86.37
0 ; 10 ; 0 ; 86.37
0 ; 10 ; 2 ; 86.31
0 ; 10 ; 4 ; 86.31
0 ; 10 ; 5 ; 86.31
0 ; 10 ; 7 ; 86.25
0 ; 10 ; 9 ; 86.25
0 ; 10 ; 11 ; 86.25
0 ; 10 ; 13 ; 86.19
0 ; 10 ; 14 ; 86.19
0 ; 10 ; 16 ; 86.19
0 ; 10 ; 18 ; 86.12
0 ; 10 ; 20 ; 86.12
0 ; 10 ; 22 ; 86.12
0 ; 10 ; 23 ; 86.06
0 ; 10 ; 25 ; 86.06
0 ; 10 ; 27 ; 86.06
0 ; 10 ; 29 ; 86.00
0 ; 10 ; 30 ; 86.00
0 ; 10 ; 32 ; 86.00
0 ; 10 ; 34 ; 85.94
0 ; 10 ; 36 ; 85.94
0 ; 10 ; 38 ; 85.94
0 ; 10 ; 39 ; 85.94
0 ; 10 ; 41 ; 85.87
0 ; 10 ; 43 ; 85.87
0 ; 10 ; 45 ; 85.81
0 ; 10 ; 46 ; 85.81
0 ; 10 ; 48 ; 85.81
0 ; 10 ; 50 ; 85.75
0 ; 10 ; 52 ; 85.75
0 ; 10 ; 54 ; 85.75
0 ; 10 ; 55 ; 85.75
0 ; 10 ; 57 ; 85.69
0 ; 10 ; 59 ; 85.69
0 ; 11 ; 1 ; 85.69
0 ; 11 ; 2 ; 85.62
0 ; 11 ; 4 ; 85.62
0 ; 11 ; 6 ; 85.62
0 ; 11 ; 8 ; 85.56
0 ; 11 ; 10 ; 85.56
0 ; 11 ; 11 ; 85.56
0 ; 11 ; 13 ; 85.50
0 ; 11 ; 15 ; 85.50
0 ; 11 ; 17 ; 85.50
0 ; 11 ; 18 ; 85.50
0 ; 11 ; 20 ; 85.44
0 ; 11 ; 22 ; 85.44
0 ; 11 ; 24 ; 85.37
0 ; 11 ; 26 ; 85.37
0 ; 11 ; 27 ; 85.37
0 ; 11 ; 29 ; 85.31
0 ; 11 ; 31 ; 85.31
0 ; 11 ; 33 ; 85.31
0 ; 11 ; 34 ; 85.31
0 ; 11 ; 36 ; 85.25
0 ; 11 ; 38 ; 85.25
0 ; 11 ; 40 ; 85.25
0 ; 11 ; 42 ; 85.19
0 ; 11 ; 43 ; 85.19
0 ; 11 ; 45 ; 85.19
0 ; 11 ; 47 ; 85.12
0 ; 11 ; 49 ; 85.12
0 ; 11 ; 51 ; 85.12
0 ; 11 ; 52 ; 85.06
0 ; 11 ; 54 ; 85.06
0 ; 11 ; 56 ; 85.06
0 ; 11 ; 58 ; 85.06
0 ; 11 ; 59 ; 85.00
0 ; 12 ; 1 ; 85.00
0 ; 12 ; 3 ; 85.00
0 ; 12 ; 5 ; 84.94
0 ; 12 ; 7 ; 84.94
0 ; 12 ; 8 ; 84.94
0 ; 12 ; 10 ; 84.87
0 ; 12 ; 12 ; 84.87
0 ; 12 ; 14 ; 84.87
0 ; 12 ; 15 ; 84.81
0 ; 12 ; 17 ; 84.81
0 ; 12 ; 19 ; 84.81
0 ; 12 ; 21 ; 84.75
0 ; 12 ; 23 ; 84.75
0 ; 12 ; 24 ; 84.75
0 ; 12 ; 26 ; 84.75
0 ; 12 ; 28 ; 84.69
0 ; 12 ; 30 ; 84.69
0 ; 12 ; 31 ; 84.69
0 ; 12 ; 33 ; 84.62
0 ; 12 ; 35 ; 84.62
0 ; 12 ; 37 ; 84.62
0 ; 12 ; 39 ; 84.62
0 ; 12 ; 40 ; 84.56
0 ; 12 ; 42 ; 84.56
0 ; 12 ; 44 ; 84.50
0 ; 12 ; 46 ; 84.50
0 ; 12 ; 47 ; 84.50
0 ; 12 ; 49 ; 84.50
0 ; 12 ; 51 ; 84.44
0 ; 12 ; 53 ; 84.44
0 ; 12 ; 55 ; 84.44
0 ; 12 ; 56 ; 84.37
0 ; 12 ; 58 ; 84.37
0 ; 13 ; 0 ; 84.37
0 ; 13 ; 2 ; 84.37
0 ; 13 ; 3 ; 84.31
0 ; 13 ; 5 ; 84.31
0 ; 13 ; 7 ; 84.31
0 ; 13 ; 9 ; 84.25
0 ; 13 ; 11 ; 84.25
0 ; 13 ; 12 ; 84.25
0 ; 13 ; 14 ; 84.25
0 ; 13 ; 16 ; 84.19
0 ; 13 ; 18 ; 84.19
0 ; 13 ; 20 ; 84.19
0 ; 13 ; 21 ; 84.12
0 ; 13 ; 23 ; 84.12
0 ; 13 ; 25 ; 84.12
0 ; 13 ; 27 ; 84.06
0 ; 13 ; 28 ; 84.06
0 ; 13 ; 30 ; 84.06
0 ; 13 ; 32 ; 84.00
0 ; 13 ; 34 ; 84.00
0 ; 13 ; 36 ; 84.00
0 ; 13 ; 37 ; 83.94
0 ; 13 ; 39 ; 83.94
0 ; 13 ; 41 ; 83.94
0 ; 13 ; 43 ; 83.94
0 ; 13 ; 44 ; 83.87
0 ; 13 ; 46 ; 83.87
0 ; 13 ; 48 ; 83.87
0 ; 13 ; 50 ; 83.87
0 ; 13 ; 52 ; 83.81
0 ; 13 ; 53 ; 83.81
0 ; 13 ; 55 ; 83.81
0 ; 13 ; 57 ; 83.75
0 ; 13 ; 59 ; 83.75
0 ; 14 ; 0 ; 83.75
0 ; 14 ; 2 ; 83.69
0 ; 14 ; 4 ; 83.69
0 ; 14 ; 6 ; 83.69
0 ; 14 ; 8 ; 83.62
0 ; 14 ; 9 ; 83.62
0 ; 14 ; 11 ; 83.62
0 ; 14 ; 13 ; 83.62
0 ; 14 ; 15 ; 83.56
0 ; 14 ; 16 ; 83.56
0 ; 14 ; 18 ; 83.56
0 ; 14 ; 20 ; 83.56
0 ; 14 ; 22 ; 83.50
0 ; 14 ; 24 ; 83.50
0 ; 14 ; 25 ; 83.50
0 ; 14 ; 27 ; 83.44
0 ; 14 ; 29 ; 83.44
0 ; 14 ; 31 ; 83.44
0 ; 14 ; 32 ; 83.44
0 ; 14 ; 34 ; 83.37
0 ; 14 ; 36 ; 83.37
0 ; 14 ; 38 ; 83.37
0 ; 14 ; 40 ; 83.37
0 ; 14 ; 41 ; 83.31
0 ; 14 ; 43 ; 83.31
0 ; 14 ; 45 ; 83.31
0 ; 14 ; 47 ; 83.25
0 ; 14 ; 48 ; 83.25
0 ; 14 ; 50 ; 83.25
0 ; 14 ; 52 ; 83.19
0 ; 14 ; 54 ; 83.19
0 ; 14 ; 56 ; 83.19
0 ; 14 ; 57 ; 83.19
0 ; 14 ; 59 ; 83.12
0 ; 15 ; 1 ; 83.12
0 ; 15 ; 3 ; 83.12
0 ; 15 ; 5 ; 83.06
0 ; 15 ; 6 ; 83.06
0 ; 15 ; 8 ; 83.06
0 ; 15 ; 10 ; 83.06
0 ; 15 ; 12 ; 83.00
0 ; 15 ; 13 ; 83.00
0 ; 15 ; 15 ; 83.00
0 ; 15 ; 17 ; 83.00
0 ; 15 ; 19 ; 82.94
0 ; 15 ; 21 ; 82.94
0 ; 15 ; 22 ; 82.94
0 ; 15 ; 24 ; 82.87
0 ; 15 ; 26 ; 82.87
0 ; 15 ; 28 ; 82.87
0 ; 15 ; 29 ; 82.81
0 ; 15 ; 31 ; 82.81
0 ; 15 ; 33 ; 82.81
0 ; 15 ; 35 ; 82.81
0 ; 15 ; 37 ; 82.75
0 ; 15 ; 38 ; 82.75
0 ; 15 ; 40 ; 82.75
0 ; 15 ; 42 ; 82.69
0 ; 15 ; 44 ; 82.69
0 ; 15 ; 45 ; 82.69
0 ; 15 ; 47 ; 82.69
0 ; 15 ; 49 ; 82.62
0 ; 15 ; 51 ; 82.62
0 ; 15 ; 53 ; 82.62
0 ; 15 ; 54 ; 82.62
0 ; 15 ; 56 ; 82.56
0 ; 15 ; 58 ; 82.56
0 ; 16 ; 0 ; 82.56
0 ; 16 ; 1 ; 82.50
0 ; 16 ; 3 ; 82.50
0 ; 16 ; 5 ; 82.50
0 ; 16 ; 7 ; 82.50
0 ; 16 ; 9 ; 82.44
0 ; 16 ; 10 ; 82.44
0 ; 16 ; 12 ; 82.44
0 ; 16 ; 14 ; 82.37
0 ; 16 ; 16 ; 82.37
0 ; 16 ; 17 ; 82.37
0 ; 16 ; 19 ; 82.37
0 ; 16 ; 21 ; 82.31
0 ; 16 ; 23 ; 82.31
0 ; 16 ; 25 ; 82.31
0 ; 16 ; 26 ; 82.31
0 ; 16 ; 28 ; 82.25
0 ; 16 ; 30 ; 82.25
0 ; 16 ; 32 ; 82.25
0 ; 16 ; 34 ; 82.19
0 ; 16 ; 35 ; 82.19
0 ; 16 ; 37 ; 82.19
0 ; 16 ; 39 ; 82.19
0 ; 16 ; 41 ; 82.12
0 ; 16 ; 42 ; 82.12
0 ; 16 ; 44 ; 82.12
0 ; 16 ; 46 ; 82.06
0 ; 16 ; 48 ; 82.06
0 ; 16 ; 50 ; 82.06
0 ; 16 ; 51 ; 82.06
0 ; 16 ; 53 ; 82.00
0 ; 16 ; 55 ; 82.00
0 ; 16 ; 57 ; 82.00
0 ; 16 ; 58 ; 81.94
0 ; 17 ; 0 ; 81.94
0 ; 17 ; 2 ; 81.94
0 ; 17 ; 4 ; 81.94
0 ; 17 ; 6 ; 81.87
0 ; 17 ; 7 ; 81.87
0 ; 17 ; 9 ; 81.87
0 ; 17 ; 11 ; 81.87
0 ; 17 ; 13 ; 81.81
0 ; 17 ; 14 ; 81.81
0 ; 17 ; 16 ; 81.81
0 ; 17 ; 18 ; 81.81
0 ; 17 ; 20 ; 81.75
0 ; 17 ; 22 ; 81.75
0 ; 17 ; 23 ; 81.75
0 ; 17 ; 25 ; 81.69
0 ; 17 ; 27 ; 81.69
0 ; 17 ; 29 ; 81.69
0 ; 17 ; 30 ; 81.69
0 ; 17 ; 32 ; 81.69
0 ; 17 ; 34 ; 81.62
0 ; 17 ; 36 ; 81.62
0 ; 17 ; 38 ; 81.62
0 ; 17 ; 39 ; 81.56
0 ; 17 ; 41 ; 81.56
0 ; 17 ; 43 ; 81.56
0 ; 17 ; 45 ; 81.50
0 ; 17 ; 46 ; 81.50
0 ; 17 ; 48 ; 81.50
0 ; 17 ; 50 ; 81.50
0 ; 17 ; 52 ; 81.44
0 ; 17 ; 54 ; 81.44
0 ; 17 ; 55 ; 81.44
0 ; 17 ; 57 ; 81.44
0 ; 17 ; 59 ; 81.44
0 ; 18 ; 1 ; 81.37
0 ; 18 ; 3 ; 81.37
0 ; 18 ; 4 ; 81.31
0 ; 18 ; 6 ; 81.31
0 ; 18 ; 8 ; 81.31
0 ; 18 ; 10 ; 81.31
0 ; 18 ; 11 ; 81.25
0 ; 18 ; 13 ; 81.25
0 ; 18 ; 15 ; 81.25
0 ; 18 ; 17 ; 81.25
0 ; 18 ; 19 ; 81.25
0 ; 18 ; 20 ; 81.19
0 ; 18 ; 22 ; 81.19
0 ; 18 ; 24 ; 81.19
0 ; 18 ; 26 ; 81.12
0 ; 18 ; 27 ; 81.12
0 ; 18 ; 29 ; 81.12
0 ; 18 ; 31 ; 81.12
0 ; 18 ; 33 ; 81.06
0 ; 18 ; 35 ; 81.06
0 ; 18 ; 36 ; 81.06
0 ; 18 ; 38 ; 81.00
0 ; 18 ; 40 ; 81.00
0 ; 18 ; 42 ; 81.00
0 ; 18 ; 43 ; 81.00
0 ; 18 ; 45 ; 80.94
0 ; 18 ; 47 ; 80.94
0 ; 18 ; 49 ; 80.94
0 ; 18 ; 51 ; 80.94
0 ; 18 ; 52 ; 80.87
0 ; 18 ; 54 ; 80.87
0 ; 18 ; 56 ; 80.87
0 ; 18 ; 58 ; 80.87
0 ; 18 ; 59 ; 80.81
0 ; 19 ; 1 ; 80.81
0 ; 19 ; 3 ; 80.81
0 ; 19 ; 5 ; 80.81
0 ; 19 ; 7 ; 80.75
0 ; 19 ; 8 ; 80.75
0 ; 19 ; 10 ; 80.75
0 ; 19 ; 12 ; 80.69
0 ; 19 ; 14 ; 80.69
0 ; 19 ; 15 ; 80.69
0 ; 19 ; 17 ; 80.69
0 ; 19 ; 19 ; 80.69
0 ; 19 ; 21 ; 80.62
0 ; 19 ; 23 ; 80.62
0 ; 19 ; 24 ; 80.62
0 ; 19 ; 26 ; 80.62
0 ; 19 ; 28 ; 80.56
0 ; 19 ; 30 ; 80.56
0 ; 19 ; 32 ; 80.56
0 ; 19 ; 33 ; 80.50
0 ; 19 ; 35 ; 80.50
0 ; 19 ; 37 ; 80.50
0 ; 19 ; 39 ; 80.44
0 ; 19 ; 40 ; 80.44
0 ; 19 ; 42 ; 80.44
0 ; 19 ; 44 ; 80.44
0 ; 19 ; 46 ; 80.44
0 ; 19 ; 48 ; 80.37
0 ; 19 ; 49 ; 80.37
0 ; 19 ; 51 ; 80.37
0 ; 19 ; 53 ; 80.37
0 ; 19 ; 55 ; 80.31
0 ; 19 ; 56 ; 80.31
0 ; 19 ; 58 ; 80.31
0 ; 20 ; 0 ; 80.25
0 ; 20 ; 2 ; 80.25
0 ; 20 ; 4 ; 80.25
0 ; 20 ; 5 ; 80.25
0 ; 20 ; 7 ; 80.25
0 ; 20 ; 9 ; 80.19
0 ; 20 ; 11 ; 80.19
0 ; 20 ; 12 ; 80.19
0 ; 20 ; 14 ; 80.12
0 ; 20 ; 16 ; 80.12
0 ; 20 ; 18 ; 80.12
0 ; 20 ; 20 ; 80.12
0 ; 20 ; 21 ; 80.06
0 ; 20 ; 23 ; 80.06
0 ; 20 ; 25 ; 80.06
0 ; 20 ; 27 ; 80.06
0 ; 20 ; 28 ; 80.06
0 ; 20 ; 30 ; 80.00
0 ; 20 ; 32 ; 80.00
0 ; 20 ; 34 ; 80.00
0 ; 20 ; 36 ; 80.00
0 ; 20 ; 37 ; 79.94
0 ; 20 ; 39 ; 79.94
0 ; 20 ; 41 ; 79.94
0 ; 20 ; 43 ; 79.94
0 ; 20 ; 44 ; 79.87
0 ; 20 ; 46 ; 79.87
0 ; 20 ; 48 ; 79.87
0 ; 20 ; 50 ; 79.81
0 ; 20 ; 52 ; 79.81
0 ; 20 ; 53 ; 79.81
0 ; 20 ; 55 ; 79.81
0 ; 20 ; 57 ; 79.81
0 ; 20 ; 59 ; 79.75
0 ; 21 ; 1 ; 79.75
0 ; 21 ; 2 ; 79.75
0 ; 21 ; 4 ; 79.75
0 ; 21 ; 6 ; 79.69
0 ; 21 ; 8 ; 79.69
0 ; 21 ; 9 ; 79.69
0 ; 21 ; 11 ; 79.62
0 ; 21 ; 13 ; 79.62
0 ; 21 ; 15 ; 79.62
0 ; 21 ; 17 ; 79.62
0 ; 21 ; 18 ; 79.56
0 ; 21 ; 20 ; 79.56
0 ; 21 ; 22 ; 79.56
0 ; 21 ; 24 ; 79.56
0 ; 21 ; 25 ; 79.50
0 ; 21 ; 27 ; 79.50
0 ; 21 ; 29 ; 79.50
0 ; 21 ; 31 ; 79.50
0 ; 21 ; 33 ; 79.44
0 ; 21 ; 34 ; 79.44
0 ; 21 ; 36 ; 79.44
0 ; 21 ; 38 ; 79.44
0 ; 21 ; 40 ; 79.37
0 ; 21 ; 41 ; 79.37
0 ; 21 ; 43 ; 79.37
0 ; 21 ; 45 ; 79.37
0 ; 21 ; 47 ; 79.31
0 ; 21 ; 49 ; 79.31
0 ; 21 ; 50 ; 79.31
0 ; 21 ; 52 ; 79.31
0 ; 21 ; 54 ; 79.25
0 ; 21 ; 56 ; 79.25
0 ; 21 ; 57 ; 79.25
0 ; 21 ; 59 ; 79.25
0 ; 22 ; 1 ; 79.19
0 ; 22 ; 3 ; 79.19
0 ; 22 ; 5 ; 79.19
0 ; 22 ; 6 ; 79.19
0 ; 22 ; 8 ; 79.19
0 ; 22 ; 10 ; 79.12
0 ; 22 ; 12 ; 79.12
0 ; 22 ; 13 ; 79.12
0 ; 22 ; 15 ; 79.12
0 ; 22 ; 17 ; 79.06
0 ; 22 ; 19 ; 79.06
0 ; 22 ; 21 ; 79.06
0 ; 22 ; 22 ; 79.00
0 ; 22 ; 24 ; 79.00
0 ; 22 ; 26 ; 79.00
0 ; 22 ; 28 ; 79.00
0 ; 22 ; 29 ; 79.00
0 ; 22 ; 31 ; 78.94
0 ; 22 ; 33 ; 78.94
0 ; 22 ; 35 ; 78.94
0 ; 22 ; 37 ; 78.87
0 ; 22 ; 38 ; 78.87
0 ; 22 ; 40 ; 78.87
0 ; 22 ; 42 ; 78.87
0 ; 22 ; 44 ; 78.87
0 ; 22 ; 46 ; 78.81
0 ; 22 ; 47 ; 78.81
0 ; 22 ; 49 ; 78.81
0 ; 22 ; 51 ; 78.81
0 ; 22 ; 53 ; 78.75
0 ; 22 ; 54 ; 78.75
0 ; 22 ; 56 ; 78.75
0 ; 22 ; 58 ; 78.75
0 ; 23 ; 0 ; 78.69
0 ; 23 ; 2 ; 78.69
0 ; 23 ; 3 ; 78.69
0 ; 23 ; 5 ; 78.69
0 ; 23 ; 7 ; 78.62
0 ; 23 ; 9 ; 78.62
0 ; 23 ; 10 ; 78.62
0 ; 23 ; 12 ; 78.62
0 ; 23 ; 14 ; 78.56
0 ; 23 ; 16 ; 78.56
0 ; 23 ; 18 ; 78.56
0 ; 23 ; 19 ; 78.56
0 ; 23 ; 21 ; 78.50
0 ; 23 ; 23 ; 78.50
0 ; 23 ; 25 ; 78.50
0 ; 23 ; 26 ; 78.50
0 ; 23 ; 28 ; 78.50
0 ; 23 ; 30 ; 78.44
0 ; 23 ; 32 ; 78.44
0 ; 23 ; 34 ; 78.44
0 ; 23 ; 35 ; 78.44
0 ; 23 ; 37 ; 78.37
0 ; 23 ; 39 ; 78.37
0 ; 23 ; 41 ; 78.37
0 ; 23 ; 42 ; 78.37
0 ; 23 ; 44 ; 78.31
0 ; 23 ; 46 ; 78.31
0 ; 23 ; 48 ; 78.31
0 ; 23 ; 50 ; 78.31
0 ; 23 ; 51 ; 78.25
0 ; 23 ; 53 ; 78.25
0 ; 23 ; 55 ; 78.25
0 ; 23 ; 57 ; 78.19
0 ; 23 ; 58 ; 78.19
0 ; 24 ; 0 ; 78.19
0 ; 24 ; 2 ; 78.19
0 ; 24 ; 4 ; 78.19
0 ; 24 ; 6 ; 78.12
0 ; 24 ; 7 ; 78.12
0 ; 24 ; 9 ; 78.12
0 ; 24 ; 11 ; 78.06
0 ; 24 ; 13 ; 78.06
0 ; 24 ; 15 ; 78.06
0 ; 24 ; 16 ; 78.06
0 ; 24 ; 18 ; 78.06
0 ; 24 ; 20 ; 78.00
0 ; 24 ; 22 ; 78.00
0 ; 24 ; 23 ; 78.00
0 ; 24 ; 25 ; 78.00
0 ; 24 ; 27 ; 77.94
0 ; 24 ; 29 ; 77.94
0 ; 24 ; 31 ; 77.94
0 ; 24 ; 32 ; 77.94
0 ; 24 ; 34 ; 77.87
0 ; 24 ; 36 ; 77.87
0 ; 24 ; 38 ; 77.87
0 ; 24 ; 39 ; 77.87
0 ; 24 ; 41 ; 77.87
0 ; 24 ; 43 ; 77.81
0 ; 24 ; 45 ; 77.81
0 ; 24 ; 47 ; 77.81
0 ; 24 ; 48 ; 77.81
0 ; 24 ; 50 ; 77.75
0 ; 24 ; 52 ; 77.75
0 ; 24 ; 54 ; 77.75
0 ; 24 ; 55 ; 77.75
0 ; 24 ; 57 ; 77.75
0 ; 24 ; 59 ; 77.69
0 ; 25 ; 1 ; 77.69
0 ; 25 ; 3 ; 77.69
0 ; 25 ; 4 ; 77.69
0 ; 25 ; 6 ; 77.62
0 ; 25 ; 8 ; 77.62
0 ; 25 ; 10 ; 77.62
0 ; 25 ; 11 ; 77.56
0 ; 25 ; 13 ; 77.62
0 ; 25 ; 15 ; 77.56
0 ; 25 ; 17 ; 77.56
0 ; 25 ; 19 ; 77.56
0 ; 25 ; 20 ; 77.50
0 ; 25 ; 22 ; 77.50
0 ; 25 ; 24 ; 77.50
0 ; 25 ; 26 ; 77.50
0 ; 25 ; 27 ; 77.50
0 ; 25 ; 29 ; 77.44
0 ; 25 ; 31 ; 77.44
0 ; 25 ; 33 ; 77.44
0 ; 25 ; 35 ; 77.44
0 ; 25 ; 36 ; 77.37
0 ; 25 ; 38 ; 77.37
0 ; 25 ; 40 ; 77.37
0 ; 25 ; 42 ; 77.37
0 ; 25 ; 44 ; 77.31
0 ; 25 ; 45 ; 77.31
0 ; 25 ; 47 ; 77.31
0 ; 25 ; 49 ; 77.31
0 ; 25 ; 51 ; 77.25
0 ; 25 ; 52 ; 77.25
0 ; 25 ; 54 ; 77.25
0 ; 25 ; 56 ; 77.25
0 ; 25 ; 58 ; 77.25
0 ; 26 ; 0 ; 77.19
0 ; 26 ; 1 ; 77.19
0 ; 26 ; 3 ; 77.19
0 ; 26 ; 5 ; 77.19
0 ; 26 ; 7 ; 77.12
0 ; 26 ; 8 ; 77.12
0 ; 26 ; 10 ; 77.12
0 ; 26 ; 12 ; 77.12
0 ; 26 ; 14 ; 77.06
0 ; 26 ; 16 ; 77.06
0 ; 26 ; 17 ; 77.06
0 ; 26 ; 19 ; 77.06
0 ; 26 ; 21 ; 77.06
0 ; 26 ; 23 ; 77.00
0 ; 26 ; 24 ; 77.00
0 ; 26 ; 26 ; 77.00
0 ; 26 ; 28 ; 77.00
0 ; 26 ; 30 ; 76.94
0 ; 26 ; 32 ; 76.94
0 ; 26 ; 33 ; 76.94
0 ; 26 ; 35 ; 76.94
0 ; 26 ; 37 ; 76.94
0 ; 26 ; 39 ; 76.94
0 ; 26 ; 40 ; 76.87
0 ; 26 ; 42 ; 76.87
0 ; 26 ; 44 ; 76.87
0 ; 26 ; 46 ; 76.87
0 ; 26 ; 48 ; 76.81
0 ; 26 ; 49 ; 76.81
0 ; 26 ; 51 ; 76.81
0 ; 26 ; 53 ; 76.75
0 ; 26 ; 55 ; 76.75
0 ; 26 ; 56 ; 76.75
0 ; 26 ; 58 ; 76.75
0 ; 27 ; 0 ; 76.75
0 ; 27 ; 2 ; 76.69
0 ; 27 ; 4 ; 76.69
0 ; 27 ; 5 ; 76.69
0 ; 27 ; 7 ; 76.69
0 ; 27 ; 9 ; 76.62
0 ; 27 ; 11 ; 76.62
0 ; 27 ; 13 ; 76.62
0 ; 27 ; 14 ; 76.62
0 ; 27 ; 16 ; 76.56
0 ; 27 ; 18 ; 76.56
0 ; 27 ; 20 ; 76.56
0 ; 27 ; 21 ; 76.56
0 ; 27 ; 23 ; 76.56
0 ; 27 ; 25 ; 76.50
0 ; 27 ; 27 ; 76.50
0 ; 27 ; 29 ; 76.50
0 ; 27 ; 30 ; 76.50
0 ; 27 ; 32 ; 76.44
0 ; 27 ; 34 ; 76.44
0 ; 27 ; 36 ; 76.44
0 ; 27 ; 37 ; 76.44
0 ; 27 ; 39 ; 76.37
0 ; 27 ; 41 ; 76.37
0 ; 27 ; 43 ; 76.37
0 ; 27 ; 45 ; 76.37
0 ; 27 ; 46 ; 76.37
0 ; 27 ; 48 ; 76.31
0 ; 27 ; 50 ; 76.31
0 ; 27 ; 52 ; 76.31
0 ; 27 ; 53 ; 76.31
0 ; 27 ; 55 ; 76.25
0 ; 27 ; 57 ; 76.25
0 ; 27 ; 59 ; 76.25
0 ; 28 ; 1 ; 76.25
0 ; 28 ; 2 ; 76.25
0 ; 28 ; 4 ; 76.19
0 ; 28 ; 6 ; 76.19
0 ; 28 ; 8 ; 76.19
0 ; 28 ; 9 ; 76.19
0 ; 28 ; 11 ; 76.19
0 ; 28 ; 13 ; 76.12
0 ; 28 ; 15 ; 76.12
0 ; 28 ; 17 ; 76.12
0 ; 28 ; 18 ; 76.12
0 ; 28 ; 20 ; 76.06
0 ; 28 ; 22 ; 76.06
0 ; 28 ; 24 ; 76.06
0 ; 28 ; 25 ; 76.06
0 ; 28 ; 27 ; 76.06
0 ; 28 ; 29 ; 76.00
0 ; 28 ; 31 ; 76.00
0 ; 28 ; 33 ; 76.00
0 ; 28 ; 34 ; 76.00
0 ; 28 ; 36 ; 75.94
0 ; 28 ; 38 ; 75.94
0 ; 28 ; 40 ; 75.94
0 ; 28 ; 41 ; 75.94
0 ; 28 ; 43 ; 75.87
0 ; 28 ; 45 ; 75.87
0 ; 28 ; 47 ; 75.87
0 ; 28 ; 49 ; 75.87
0 ; 28 ; 50 ; 75.87
0 ; 28 ; 52 ; 75.81
0 ; 28 ; 54 ; 75.81
0 ; 28 ; 56 ; 75.81
0 ; 28 ; 58 ; 75.81
0 ; 28 ; 59 ; 75.75
0 ; 29 ; 1 ; 75.75
0 ; 29 ; 3 ; 75.75
0 ; 29 ; 5 ; 75.75
0 ; 29 ; 6 ; 75.75
0 ; 29 ; 8 ; 75.69
0 ; 29 ; 10 ; 75.69
0 ; 29 ; 12 ; 75.69
0 ; 29 ; 14 ; 75.69
0 ; 29 ; 15 ; 75.69
0 ; 29 ; 17 ; 75.62
0 ; 29 ; 19 ; 75.62
0 ; 29 ; 21 ; 75.62
0 ; 29 ; 22 ; 75.62
0 ; 29 ; 24 ; 75.56
0 ; 29 ; 26 ; 75.56
0 ; 29 ; 28 ; 75.56
0 ; 29 ; 30 ; 75.56
0 ; 29 ; 31 ; 75.56
0 ; 29 ; 33 ; 75.50
0 ; 29 ; 35 ; 75.50
0 ; 29 ; 37 ; 75.50
0 ; 29 ; 38 ; 75.50
0 ; 29 ; 40 ; 75.44
0 ; 29 ; 42 ; 75.44
0 ; 29 ; 44 ; 75.44
0 ; 29 ; 46 ; 75.44
0 ; 29 ; 47 ; 75.44
0 ; 29 ; 49 ; 75.37
0 ; 29 ; 51 ; 75.37
0 ; 29 ; 53 ; 75.37
0 ; 29 ; 54 ; 75.37
0 ; 29 ; 56 ; 75.31
0 ; 29 ; 58 ; 75.31
0 ; 30 ; 0 ; 75.31
0 ; 30 ; 2 ; 75.31
0 ; 30 ; 3 ; 75.31
0 ; 30 ; 5 ; 75.31
0 ; 30 ; 7 ; 75.25
0 ; 30 ; 9 ; 75.25
0 ; 30 ; 10 ; 75.25
0 ; 30 ; 12 ; 75.25
0 ; 30 ; 14 ; 75.19
0 ; 30 ; 16 ; 75.19
0 ; 30 ; 18 ; 75.19
0 ; 30 ; 19 ; 75.19
0 ; 30 ; 21 ; 75.12
0 ; 30 ; 23 ; 75.12
0 ; 30 ; 25 ; 75.12
0 ; 30 ; 27 ; 75.12
0 ; 30 ; 28 ; 75.12
0 ; 30 ; 30 ; 75.06
0 ; 30 ; 32 ; 75.06
0 ; 30 ; 34 ; 75.06
0 ; 30 ; 35 ; 75.06
0 ; 30 ; 37 ; 75.00
0 ; 30 ; 39 ; 75.00
0 ; 30 ; 41 ; 75.00
0 ; 30 ; 43 ; 75.00
0 ; 30 ; 44 ; 74.94
0 ; 30 ; 46 ; 74.94
0 ; 30 ; 48 ; 74.94
0 ; 30 ; 50 ; 74.94
0 ; 30 ; 51 ; 74.94
0 ; 30 ; 53 ; 74.87
0 ; 30 ; 55 ; 74.87
0 ; 30 ; 57 ; 74.87
0 ; 30 ; 59 ; 74.87
0 ; 31 ; 0 ; 74.81
0 ; 31 ; 2 ; 74.81
0 ; 31 ; 4 ; 74.81
0 ; 31 ; 6 ; 74.81
0 ; 31 ; 7 ; 74.81
0 ; 31 ; 9 ; 74.75
0 ; 31 ; 11 ; 74.75
0 ; 31 ; 13 ; 74.75
0 ; 31 ; 15 ; 74.75
0 ; 31 ; 16 ; 74.75
0 ; 31 ; 18 ; 74.69
0 ; 31 ; 20 ; 74.69
0 ; 31 ; 22 ; 74.69
0 ; 31 ; 23 ; 74.69
0 ; 31 ; 25 ; 74.69
0 ; 31 ; 27 ; 74.62
0 ; 31 ; 29 ; 74.62
0 ; 31 ; 31 ; 74.62
0 ; 31 ; 32 ; 74.62
0 ; 31 ; 34 ; 74.62
0 ; 31 ; 36 ; 74.56
0 ; 31 ; 38 ; 74.56
0 ; 31 ; 39 ; 74.56
0 ; 31 ; 41 ; 74.56
0 ; 31 ; 43 ; 74.56
0 ; 31 ; 45 ; 74.50
0 ; 31 ; 47 ; 74.50
0 ; 31 ; 48 ; 74.50
0 ; 31 ; 50 ; 74.50
0 ; 31 ; 52 ; 74.44
0 ; 31 ; 54 ; 74.44
0 ; 31 ; 56 ; 74.44
0 ; 31 ; 57 ; 74.44
0 ; 31 ; 59 ; 74.44
0 ; 32 ; 1 ; 74.37
0 ; 32 ; 3 ; 74.37
0 ; 32 ; 4 ; 74.37
0 ; 32 ; 6 ; 74.37
0 ; 32 ; 8 ; 74.31
0 ; 32 ; 10 ; 74.31
0 ; 32 ; 12 ; 74.31
0 ; 32 ; 13 ; 74.31
0 ; 32 ; 15 ; 74.31
0 ; 32 ; 17 ; 74.25
0 ; 32 ; 19 ; 74.25
0 ; 32 ; 20 ; 74.25
0 ; 32 ; 22 ; 74.25
0 ; 32 ; 24 ; 74.25
0 ; 32 ; 26 ; 74.19
0 ; 32 ; 28 ; 74.19
0 ; 32 ; 29 ; 74.19
0 ; 32 ; 31 ; 74.19
0 ; 32 ; 33 ; 74.12
0 ; 32 ; 35 ; 74.12
0 ; 32 ; 36 ; 74.12
0 ; 32 ; 38 ; 74.12
0 ; 32 ; 40 ; 74.12
0 ; 32 ; 42 ; 74.12
0 ; 32 ; 44 ; 74.06
0 ; 32 ; 45 ; 74.06
0 ; 32 ; 47 ; 74.06
0 ; 32 ; 49 ; 74.06
0 ; 32 ; 51 ; 74.00
0 ; 32 ; 52 ; 74.00
0 ; 32 ; 54 ; 74.00
0 ; 32 ; 56 ; 74.00
0 ; 32 ; 58 ; 74.00
0 ; 33 ; 0 ; 73.94
0 ; 33 ; 1 ; 73.94
0 ; 33 ; 3 ; 73.94
0 ; 33 ; 5 ; 73.94
0 ; 33 ; 7 ; 73.94
0 ; 33 ; 8 ; 73.87
0 ; 33 ; 10 ; 73.87
0 ; 33 ; 12 ; 73.87
0 ; 33 ; 14 ; 73.87
0 ; 33 ; 16 ; 73.87
0 ; 33 ; 17 ; 73.81
0 ; 33 ; 19 ; 73.81
0 ; 33 ; 21 ; 73.81
0 ; 33 ; 23 ; 73.81
0 ; 33 ; 25 ; 73.75
0 ; 33 ; 26 ; 73.75
0 ; 33 ; 28 ; 73.75
0 ; 33 ; 30 ; 73.75
0 ; 33 ; 32 ; 73.69
0 ; 33 ; 33 ; 73.69
0 ; 33 ; 35 ; 73.69
0 ; 33 ; 37 ; 73.69
0 ; 33 ; 39 ; 73.69
0 ; 33 ; 41 ; 73.62
0 ; 33 ; 42 ; 73.62
0 ; 33 ; 44 ; 73.62
0 ; 33 ; 46 ; 73.62
0 ; 33 ; 48 ; 73.62
0 ; 33 ; 49 ; 73.56
0 ; 33 ; 51 ; 73.56
0 ; 33 ; 53 ; 73.56
0 ; 33 ; 55 ; 73.56
0 ; 33 ; 57 ; 73.56
0 ; 33 ; 58 ; 73.50
0 ; 34 ; 0 ; 73.50
0 ; 34 ; 2 ; 73.50
0 ; 34 ; 4 ; 73.50
0 ; 34 ; 5 ; 73.50
0 ; 34 ; 7 ; 73.44
0 ; 34 ; 9 ; 73.44
0 ; 34 ; 11 ; 73.44
0 ; 34 ; 13 ; 73.44
0 ; 34 ; 14 ; 73.44
0 ; 34 ; 16 ; 73.37
0 ; 34 ; 18 ; 73.37
0 ; 34 ; 20 ; 73.37
0 ; 34 ; 21 ; 73.37
0 ; 34 ; 23 ; 73.37
0 ; 34 ; 25 ; 73.31
0 ; 34 ; 27 ; 73.31
0 ; 34 ; 29 ; 73.31
0 ; 34 ; 30 ; 73.31
0 ; 34 ; 32 ; 73.31
0 ; 34 ; 34 ; 73.25
0 ; 34 ; 36 ; 73.25
0 ; 34 ; 37 ; 73.25
0 ; 34 ; 39 ; 73.25
0 ; 34 ; 41 ; 73.25
0 ; 34 ; 43 ; 73.19
0 ; 34 ; 45 ; 73.19
0 ; 34 ; 46 ; 73.19
0 ; 34 ; 48 ; 73.19
0 ; 34 ; 50 ; 73.19
0 ; 34 ; 52 ; 73.12
0 ; 34 ; 54 ; 73.12
0 ; 34 ; 55 ; 73.12
0 ; 34 ; 57 ; 73.12
0 ; 34 ; 59 ; 73.12
0 ; 35 ; 1 ; 73.06
0 ; 35 ; 2 ; 73.06
0 ; 35 ; 4 ; 73.06
0 ; 35 ; 6 ; 73.06
0 ; 35 ; 8 ; 73.00
0 ; 35 ; 10 ; 73.00
0 ; 35 ; 11 ; 73.00
0 ; 35 ; 13 ; 73.00
0 ; 35 ; 15 ; 73.00
0 ; 35 ; 17 ; 73.00
0 ; 35 ; 18 ; 72.94
0 ; 35 ; 20 ; 72.94
0 ; 35 ; 22 ; 72.94
0 ; 35 ; 24 ; 72.94
0 ; 35 ; 26 ; 72.87
0 ; 35 ; 27 ; 72.87
0 ; 35 ; 29 ; 72.87
0 ; 35 ; 31 ; 72.87
0 ; 35 ; 33 ; 72.87
0 ; 35 ; 34 ; 72.81
0 ; 35 ; 36 ; 72.81
0 ; 35 ; 38 ; 72.81
0 ; 35 ; 40 ; 72.81
0 ; 35 ; 42 ; 72.81
0 ; 35 ; 43 ; 72.81
0 ; 35 ; 45 ; 72.75
0 ; 35 ; 47 ; 72.75
0 ; 35 ; 49 ; 72.75
0 ; 35 ; 50 ; 72.75
0 ; 35 ; 52 ; 72.69
0 ; 35 ; 54 ; 72.69
0 ; 35 ; 56 ; 72.69
0 ; 35 ; 58 ; 72.69
0 ; 35 ; 59 ; 72.69
0 ; 36 ; 1 ; 72.62
0 ; 36 ; 3 ; 72.62
0 ; 36 ; 5 ; 72.62
0 ; 36 ; 6 ; 72.62
0 ; 36 ; 8 ; 72.62
0 ; 36 ; 10 ; 72.56
0 ; 36 ; 12 ; 72.56
0 ; 36 ; 14 ; 72.56
0 ; 36 ; 15 ; 72.56
0 ; 36 ; 17 ; 72.56
0 ; 36 ; 19 ; 72.50
0 ; 36 ; 21 ; 72.50
0 ; 36 ; 22 ; 72.50
0 ; 36 ; 24 ; 72.50
0 ; 36 ; 26 ; 72.44
0 ; 36 ; 28 ; 72.44
0 ; 36 ; 30 ; 72.44
0 ; 36 ; 31 ; 72.44
0 ; 36 ; 33 ; 72.44
0 ; 36 ; 35 ; 72.44
0 ; 36 ; 37 ; 72.37
0 ; 36 ; 39 ; 72.37
0 ; 36 ; 40 ; 72.37
0 ; 36 ; 42 ; 72.37
0 ; 36 ; 44 ; 72.37
0 ; 36 ; 46 ; 72.31
0 ; 36 ; 47 ; 72.31
0 ; 36 ; 49 ; 72.31
0 ; 36 ; 51 ; 72.31
0 ; 36 ; 53 ; 72.31
0 ; 36 ; 55 ; 72.31
0 ; 36 ; 56 ; 72.25
0 ; 36 ; 58 ; 72.25
0 ; 37 ; 0 ; 72.25
0 ; 37 ; 2 ; 72.19
0 ; 37 ; 3 ; 72.19
0 ; 37 ; 5 ; 72.19
0 ; 37 ; 7 ; 72.19
0 ; 37 ; 9 ; 72.19
0 ; 37 ; 11 ; 72.12
0 ; 37 ; 12 ; 72.12
0 ; 37 ; 14 ; 72.12
0 ; 37 ; 16 ; 72.12
0 ; 37 ; 18 ; 72.12
0 ; 37 ; 19 ; 72.12
0 ; 37 ; 21 ; 72.12
0 ; 37 ; 23 ; 72.06
0 ; 37 ; 25 ; 72.06
0 ; 37 ; 27 ; 72.06
0 ; 37 ; 28 ; 72.06
0 ; 37 ; 30 ; 72.00
0 ; 37 ; 32 ; 72.00
0 ; 37 ; 34 ; 72.00
0 ; 37 ; 35 ; 72.00
0 ; 37 ; 37 ; 72.00
0 ; 37 ; 39 ; 71.94
0 ; 37 ; 41 ; 71.94
0 ; 37 ; 43 ; 71.94
0 ; 37 ; 44 ; 71.94
0 ; 37 ; 46 ; 71.94
0 ; 37 ; 48 ; 71.87
0 ; 37 ; 50 ; 71.87
0 ; 37 ; 51 ; 71.87
0 ; 37 ; 53 ; 71.87
0 ; 37 ; 55 ; 71.87
0 ; 37 ; 57 ; 71.81
0 ; 37 ; 59 ; 71.81
0 ; 38 ; 0 ; 71.81
0 ; 38 ; 2 ; 71.81
0 ; 38 ; 4 ; 71.81
0 ; 38 ; 6 ; 71.75
0 ; 38 ; 8 ; 71.75
0 ; 38 ; 9 ; 71.75
0 ; 38 ; 11 ; 71.75
0 ; 38 ; 13 ; 71.75
0 ; 38 ; 15 ; 71.75
0 ; 38 ; 16 ; 71.75
0 ; 38 ; 18 ; 71.69
0 ; 38 ; 20 ; 71.69
0 ; 38 ; 22 ; 71.69
0 ; 38 ; 24 ; 71.69
0 ; 38 ; 25 ; 71.62
0 ; 38 ; 27 ; 71.62
0 ; 38 ; 29 ; 71.62
0 ; 38 ; 31 ; 71.62
0 ; 38 ; 32 ; 71.62
0 ; 38 ; 34 ; 71.56
0 ; 38 ; 36 ; 71.56
0 ; 38 ; 38 ; 71.56
0 ; 38 ; 40 ; 71.56
0 ; 38 ; 41 ; 71.56
0 ; 38 ; 43 ; 71.50
0 ; 38 ; 45 ; 71.50
0 ; 38 ; 47 ; 71.50
0 ; 38 ; 48 ; 71.50
0 ; 38 ; 50 ; 71.50
0 ; 38 ; 52 ; 71.44
0 ; 38 ; 54 ; 71.44
0 ; 38 ; 56 ; 71.44
0 ; 38 ; 57 ; 71.44
0 ; 38 ; 59 ; 71.44
0 ; 39 ; 1 ; 71.37
0 ; 39 ; 3 ; 71.37
0 ; 39 ; 4 ; 71.37
0 ; 39 ; 6 ; 71.37
0 ; 39 ; 8 ; 71.37
0 ; 39 ; 10 ; 71.31
0 ; 39 ; 12 ; 71.31
0 ; 39 ; 13 ; 71.31
0 ; 39 ; 15 ; 71.31
0 ; 39 ; 17 ; 71.31
0 ; 39 ; 19 ; 71.31
0 ; 39 ; 20 ; 71.25
0 ; 39 ; 22 ; 71.25
0 ; 39 ; 24 ; 71.25
0 ; 39 ; 26 ; 71.25
0 ; 39 ; 28 ; 71.25
0 ; 39 ; 29 ; 71.19
0 ; 39 ; 31 ; 71.19
0 ; 39 ; 33 ; 71.19
0 ; 39 ; 35 ; 71.19
0 ; 39 ; 37 ; 71.19
0 ; 39 ; 38 ; 71.19
0 ; 39 ; 40 ; 71.12
0 ; 39 ; 42 ; 71.12
0 ; 39 ; 44 ; 71.12
0 ; 39 ; 45 ; 71.06
0 ; 39 ; 47 ; 71.06
0 ; 39 ; 49 ; 71.06
0 ; 39 ; 51 ; 71.06
0 ; 39 ; 53 ; 71.06
0 ; 39 ; 54 ; 71.06
0 ; 39 ; 56 ; 71.06
0 ; 39 ; 58 ; 71.00
0 ; 40 ; 0 ; 71.00
0 ; 40 ; 1 ; 71.00
0 ; 40 ; 3 ; 71.00
0 ; 40 ; 5 ; 71.00
0 ; 40 ; 7 ; 70.94
0 ; 40 ; 9 ; 70.94
0 ; 40 ; 10 ; 70.94
0 ; 40 ; 12 ; 70.94
0 ; 40 ; 14 ; 70.94
0 ; 40 ; 16 ; 70.87
0 ; 40 ; 17 ; 70.87
0 ; 40 ; 19 ; 70.87
0 ; 40 ; 21 ; 70.87
0 ; 40 ; 23 ; 70.87
0 ; 40 ; 25 ; 70.87
0 ; 40 ; 26 ; 70.81
0 ; 40 ; 28 ; 70.81
0 ; 40 ; 30 ; 70.81
0 ; 40 ; 32 ; 70.81
0 ; 40 ; 33 ; 70.81
0 ; 40 ; 35 ; 70.75
0 ; 40 ; 37 ; 70.75
0 ; 40 ; 39 ; 70.75
0 ; 40 ; 41 ; 70.75
0 ; 40 ; 42 ; 70.75
0 ; 40 ; 44 ; 70.69
0 ; 40 ; 46 ; 70.69
0 ; 40 ; 48 ; 70.69
0 ; 40 ; 49 ; 70.69
0 ; 40 ; 51 ; 70.69
0 ; 40 ; 53 ; 70.62
0 ; 40 ; 55 ; 70.62
0 ; 40 ; 57 ; 70.62
0 ; 40 ; 58 ; 70.62
0 ; 41 ; 0 ; 70.62
0 ; 41 ; 2 ; 70.56
0 ; 41 ; 4 ; 70.56
0 ; 41 ; 6 ; 70.56
0 ; 41 ; 7 ; 70.56
0 ; 41 ; 9 ; 70.56
0 ; 41 ; 11 ; 70.56
0 ; 41 ; 13 ; 70.50
0 ; 41 ; 14 ; 70.50
0 ; 41 ; 16 ; 70.50
0 ; 41 ; 18 ; 70.50
0 ; 41 ; 20 ; 70.50
0 ; 41 ; 22 ; 70.50
0 ; 41 ; 23 ; 70.44
0 ; 41 ; 25 ; 70.44
0 ; 41 ; 27 ; 70.44
0 ; 41 ; 29 ; 70.44
0 ; 41 ; 30 ; 70.44
0 ; 41 ; 32 ; 70.37
0 ; 41 ; 34 ; 70.37
0 ; 41 ; 36 ; 70.37
0 ; 41 ; 38 ; 70.37
0 ; 41 ; 39 ; 70.37
0 ; 41 ; 41 ; 70.37
0 ; 41 ; 43 ; 70.31
0 ; 41 ; 45 ; 70.31
0 ; 41 ; 46 ; 70.31
0 ; 41 ; 48 ; 70.31
0 ; 41 ; 50 ; 70.25
0 ; 41 ; 52 ; 70.25
0 ; 41 ; 54 ; 70.25
0 ; 41 ; 55 ; 70.25
0 ; 41 ; 57 ; 70.25
0 ; 41 ; 59 ; 70.25
0 ; 42 ; 1 ; 70.19
0 ; 42 ; 2 ; 70.19
0 ; 42 ; 4 ; 70.19
0 ; 42 ; 6 ; 70.19
0 ; 42 ; 8 ; 70.19
0 ; 42 ; 10 ; 70.12
0 ; 42 ; 11 ; 70.12
0 ; 42 ; 13 ; 70.12
0 ; 42 ; 15 ; 70.12
0 ; 42 ; 17 ; 70.12
0 ; 42 ; 18 ; 70.06
0 ; 42 ; 20 ; 70.06
0 ; 42 ; 22 ; 70.06
0 ; 42 ; 24 ; 70.06
0 ; 42 ; 26 ; 70.06
0 ; 42 ; 27 ; 70.06
0 ; 42 ; 29 ; 70.00
0 ; 42 ; 31 ; 70.00
0 ; 42 ; 33 ; 70.00
0 ; 42 ; 34 ; 70.00
0 ; 42 ; 36 ; 70.00
0 ; 42 ; 38 ; 70.00
0 ; 42 ; 40 ; 69.94
0 ; 42 ; 42 ; 69.94
0 ; 42 ; 43 ; 69.94
0 ; 42 ; 45 ; 69.94
0 ; 42 ; 47 ; 69.87
0 ; 42 ; 49 ; 69.87
0 ; 42 ; 51 ; 69.87
0 ; 42 ; 52 ; 69.87
0 ; 42 ; 54 ; 69.87
0 ; 42 ; 56 ; 69.87
0 ; 42 ; 58 ; 69.81
0 ; 42 ; 59 ; 69.81
0 ; 43 ; 1 ; 69.81
0 ; 43 ; 3 ; 69.81
0 ; 43 ; 5 ; 69.81
0 ; 43 ; 7 ; 69.81
0 ; 43 ; 8 ; 69.75
0 ; 43 ; 10 ; 69.75
0 ; 43 ; 12 ; 69.75
0 ; 43 ; 14 ; 69.75
0 ; 43 ; 15 ; 69.75
0 ; 43 ; 17 ; 69.69
0 ; 43 ; 19 ; 69.69
0 ; 43 ; 21 ; 69.69
0 ; 43 ; 23 ; 69.69
0 ; 43 ; 24 ; 69.69
0 ; 43 ; 26 ; 69.69
0 ; 43 ; 28 ; 69.62
0 ; 43 ; 30 ; 69.62
0 ; 43 ; 31 ; 69.62
0 ; 43 ; 33 ; 69.62
0 ; 43 ; 35 ; 69.62
0 ; 43 ; 37 ; 69.56
0 ; 43 ; 39 ; 69.56
0 ; 43 ; 40 ; 69.56
0 ; 43 ; 42 ; 69.56
0 ; 43 ; 44 ; 69.56
0 ; 43 ; 46 ; 69.50
0 ; 43 ; 47 ; 69.50
0 ; 43 ; 49 ; 69.50
0 ; 43 ; 51 ; 69.50
0 ; 43 ; 53 ; 69.50
0 ; 43 ; 55 ; 69.50
0 ; 43 ; 56 ; 69.44
0 ; 43 ; 58 ; 69.44
0 ; 44 ; 0 ; 69.44
0 ; 44 ; 2 ; 69.44
0 ; 44 ; 3 ; 69.44
0 ; 44 ; 5 ; 69.37
0 ; 44 ; 7 ; 69.37
0 ; 44 ; 9 ; 69.37
0 ; 44 ; 11 ; 69.37
0 ; 44 ; 12 ; 69.37
0 ; 44 ; 14 ; 69.37
0 ; 44 ; 16 ; 69.31
0 ; 44 ; 18 ; 69.31
0 ; 44 ; 20 ; 69.31
0 ; 44 ; 21 ; 69.31
0 ; 44 ; 23 ; 69.31
0 ; 44 ; 25 ; 69.31
0 ; 44 ; 27 ; 69.25
0 ; 44 ; 28 ; 69.25
0 ; 44 ; 30 ; 69.25
0 ; 44 ; 32 ; 69.25
0 ; 44 ; 34 ; 69.25
0 ; 44 ; 36 ; 69.19
0 ; 44 ; 37 ; 69.19
0 ; 44 ; 39 ; 69.19
0 ; 44 ; 41 ; 69.19
0 ; 44 ; 43 ; 69.19
0 ; 44 ; 44 ; 69.19
0 ; 44 ; 46 ; 69.12
0 ; 44 ; 48 ; 69.12
0 ; 44 ; 50 ; 69.12
0 ; 44 ; 52 ; 69.12
0 ; 44 ; 53 ; 69.12
0 ; 44 ; 55 ; 69.12
0 ; 44 ; 57 ; 69.06
0 ; 44 ; 59 ; 69.06
0 ; 45 ; 0 ; 69.06
0 ; 45 ; 2 ; 69.06
0 ; 45 ; 4 ; 69.06
0 ; 45 ; 6 ; 69.00
0 ; 45 ; 8 ; 69.00
0 ; 45 ; 9 ; 69.00
0 ; 45 ; 11 ; 69.00
0 ; 45 ; 13 ; 69.00
0 ; 45 ; 15 ; 68.94
0 ; 45 ; 16 ; 68.94
0 ; 45 ; 18 ; 68.94
0 ; 45 ; 20 ; 68.94
0 ; 45 ; 22 ; 68.94
0 ; 45 ; 24 ; 68.94
0 ; 45 ; 25 ; 68.94
0 ; 45 ; 27 ; 68.87
0 ; 45 ; 29 ; 68.87
0 ; 45 ; 31 ; 68.87
0 ; 45 ; 32 ; 68.87
0 ; 45 ; 34 ; 68.81
0 ; 45 ; 36 ; 68.81
0 ; 45 ; 38 ; 68.81
0 ; 45 ; 40 ; 68.81
0 ; 45 ; 41 ; 68.81
0 ; 45 ; 43 ; 68.81
0 ; 45 ; 45 ; 68.75
0 ; 45 ; 47 ; 68.75
0 ; 45 ; 49 ; 68.75
0 ; 45 ; 50 ; 68.75
0 ; 45 ; 52 ; 68.75
0 ; 45 ; 54 ; 68.69
0 ; 45 ; 56 ; 68.69
0 ; 45 ; 57 ; 68.69
0 ; 45 ; 59 ; 68.69
0 ; 46 ; 1 ; 68.69
0 ; 46 ; 3 ; 68.69
0 ; 46 ; 5 ; 68.69
0 ; 46 ; 6 ; 68.62
0 ; 46 ; 8 ; 68.62
0 ; 46 ; 10 ; 68.62
0 ; 46 ; 12 ; 68.62
0 ; 46 ; 13 ; 68.62
0 ; 46 ; 15 ; 68.56
0 ; 46 ; 17 ; 68.56
0 ; 46 ; 19 ; 68.56
0 ; 46 ; 21 ; 68.56
0 ; 46 ; 22 ; 68.56
0 ; 46 ; 24 ; 68.56
0 ; 46 ; 26 ; 68.50
0 ; 46 ; 28 ; 68.50
0 ; 46 ; 29 ; 68.50
0 ; 46 ; 31 ; 68.50
0 ; 46 ; 33 ; 68.50
0 ; 46 ; 35 ; 68.44
0 ; 46 ; 37 ; 68.44
0 ; 46 ; 38 ; 68.44
0 ; 46 ; 40 ; 68.44
0 ; 46 ; 42 ; 68.44
0 ; 46 ; 44 ; 68.37
0 ; 46 ; 45 ; 68.37
0 ; 46 ; 47 ; 68.37
0 ; 46 ; 49 ; 68.37
0 ; 46 ; 51 ; 68.37
0 ; 46 ; 53 ; 68.37
0 ; 46 ; 54 ; 68.31
0 ; 46 ; 56 ; 68.31
0 ; 46 ; 58 ; 68.31
0 ; 47 ; 0 ; 68.31
0 ; 47 ; 1 ; 68.31
0 ; 47 ; 3 ; 68.31
0 ; 47 ; 5 ; 68.31
0 ; 47 ; 7 ; 68.25
0 ; 47 ; 9 ; 68.25
0 ; 47 ; 10 ; 68.25
0 ; 47 ; 12 ; 68.25
0 ; 47 ; 14 ; 68.25
0 ; 47 ; 16 ; 68.19
0 ; 47 ; 18 ; 68.19
0 ; 47 ; 19 ; 68.19
0 ; 47 ; 21 ; 68.19
0 ; 47 ; 23 ; 68.19
0 ; 47 ; 25 ; 68.19
0 ; 47 ; 26 ; 68.12
0 ; 47 ; 28 ; 68.12
0 ; 47 ; 30 ; 68.12
0 ; 47 ; 32 ; 68.12
0 ; 47 ; 34 ; 68.12
0 ; 47 ; 35 ; 68.12
0 ; 47 ; 37 ; 68.06
0 ; 47 ; 39 ; 68.06
0 ; 47 ; 41 ; 68.06
0 ; 47 ; 42 ; 68.06
0 ; 47 ; 44 ; 68.06
0 ; 47 ; 46 ; 68.00
0 ; 47 ; 48 ; 68.00
0 ; 47 ; 50 ; 68.00
0 ; 47 ; 51 ; 68.00
0 ; 47 ; 53 ; 68.00
0 ; 47 ; 55 ; 67.94
0 ; 47 ; 57 ; 67.94
0 ; 47 ; 58 ; 67.94
0 ; 48 ; 0 ; 67.94
0 ; 48 ; 2 ; 67.94
0 ; 48 ; 4 ; 67.94
0 ; 48 ; 6 ; 67.87
0 ; 48 ; 7 ; 67.87
0 ; 48 ; 9 ; 67.87
0 ; 48 ; 11 ; 67.87
0 ; 48 ; 13 ; 67.87
0 ; 48 ; 14 ; 67.87
0 ; 48 ; 16 ; 67.81
0 ; 48 ; 18 ; 67.81
0 ; 48 ; 20 ; 67.81
0 ; 48 ; 22 ; 67.81
0 ; 48 ; 23 ; 67.81
0 ; 48 ; 25 ; 67.81
0 ; 48 ; 27 ; 67.75
0 ; 48 ; 29 ; 67.75
0 ; 48 ; 30 ; 67.75
0 ; 48 ; 32 ; 67.75
0 ; 48 ; 34 ; 67.75
0 ; 48 ; 36 ; 67.75
0 ; 48 ; 38 ; 67.69
0 ; 48 ; 39 ; 67.69
0 ; 48 ; 41 ; 67.69
0 ; 48 ; 43 ; 67.69
0 ; 48 ; 45 ; 67.69
0 ; 48 ; 47 ; 67.69
0 ; 48 ; 48 ; 67.62
0 ; 48 ; 50 ; 67.62
0 ; 48 ; 52 ; 67.62
0 ; 48 ; 54 ; 67.62
0 ; 48 ; 55 ; 67.62
0 ; 48 ; 57 ; 67.56
0 ; 48 ; 59 ; 67.56
0 ; 49 ; 1 ; 67.56
0 ; 49 ; 3 ; 67.56
0 ; 49 ; 4 ; 67.56
0 ; 49 ; 6 ; 67.56
0 ; 49 ; 8 ; 67.50
0 ; 49 ; 10 ; 67.50
0 ; 49 ; 11 ; 67.50
0 ; 49 ; 13 ; 67.50
0 ; 49 ; 15 ; 67.50
0 ; 49 ; 17 ; 67.50
0 ; 49 ; 19 ; 67.44
0 ; 49 ; 20 ; 67.44
0 ; 49 ; 22 ; 67.44
0 ; 49 ; 24 ; 67.44
0 ; 49 ; 26 ; 67.44
0 ; 49 ; 27 ; 67.44
0 ; 49 ; 29 ; 67.44
0 ; 49 ; 31 ; 67.37
0 ; 49 ; 33 ; 67.37
0 ; 49 ; 35 ; 67.37
0 ; 49 ; 36 ; 67.37
0 ; 49 ; 38 ; 67.37
0 ; 49 ; 40 ; 67.37
0 ; 49 ; 42 ; 67.31
0 ; 49 ; 43 ; 67.31
0 ; 49 ; 45 ; 67.31
0 ; 49 ; 47 ; 67.31
0 ; 49 ; 49 ; 67.25
0 ; 49 ; 51 ; 67.25
0 ; 49 ; 52 ; 67.25
0 ; 49 ; 54 ; 67.25
0 ; 49 ; 56 ; 67.25
0 ; 49 ; 58 ; 67.25
0 ; 49 ; 59 ; 67.25
0 ; 50 ; 1 ; 67.19
0 ; 50 ; 3 ; 67.19
0 ; 50 ; 5 ; 67.19
0 ; 50 ; 7 ; 67.19
0 ; 50 ; 8 ; 67.19
0 ; 50 ; 10 ; 67.12
0 ; 50 ; 12 ; 67.12
0 ; 50 ; 14 ; 67.12
0 ; 50 ; 15 ; 67.12
0 ; 50 ; 17 ; 67.12
0 ; 50 ; 19 ; 67.12
0 ; 50 ; 21 ; 67.12
0 ; 50 ; 23 ; 67.06
0 ; 50 ; 24 ; 67.06
0 ; 50 ; 26 ; 67.06
0 ; 50 ; 28 ; 67.06
0 ; 50 ; 30 ; 67.06
0 ; 50 ; 32 ; 67.06
0 ; 50 ; 33 ; 67.00
0 ; 50 ; 35 ; 67.00
0 ; 50 ; 37 ; 67.00
0 ; 50 ; 39 ; 67.00
0 ; 50 ; 40 ; 67.00
0 ; 50 ; 42 ; 66.94
0 ; 50 ; 44 ; 66.94
0 ; 50 ; 46 ; 66.94
0 ; 50 ; 48 ; 66.94
0 ; 50 ; 49 ; 66.94
0 ; 50 ; 51 ; 66.94
0 ; 50 ; 53 ; 66.87
0 ; 50 ; 55 ; 66.87
0 ; 50 ; 56 ; 66.87
0 ; 50 ; 58 ; 66.87
0 ; 51 ; 0 ; 66.87
0 ; 51 ; 2 ; 66.87
0 ; 51 ; 4 ; 66.81
0 ; 51 ; 5 ; 66.81
0 ; 51 ; 7 ; 66.81
0 ; 51 ; 9 ; 66.81
0 ; 51 ; 11 ; 66.81
0 ; 51 ; 12 ; 66.81
0 ; 51 ; 14 ; 66.81
0 ; 51 ; 16 ; 66.75
0 ; 51 ; 18 ; 66.75
0 ; 51 ; 20 ; 66.75
0 ; 51 ; 21 ; 66.75
0 ; 51 ; 23 ; 66.75
0 ; 51 ; 25 ; 66.69
0 ; 51 ; 27 ; 66.69
0 ; 51 ; 28 ; 66.69
0 ; 51 ; 30 ; 66.69
0 ; 51 ; 32 ; 66.69
0 ; 51 ; 34 ; 66.69
0 ; 51 ; 36 ; 66.62
0 ; 51 ; 37 ; 66.62
0 ; 51 ; 39 ; 66.62
0 ; 51 ; 41 ; 66.62
0 ; 51 ; 43 ; 66.62
0 ; 51 ; 44 ; 66.62
0 ; 51 ; 46 ; 66.56
0 ; 51 ; 48 ; 66.56
0 ; 51 ; 50 ; 66.56
0 ; 51 ; 52 ; 66.56
0 ; 51 ; 53 ; 66.56
0 ; 51 ; 55 ; 66.56
0 ; 51 ; 57 ; 66.50
0 ; 51 ; 59 ; 66.50
0 ; 52 ; 1 ; 66.50
0 ; 52 ; 2 ; 66.50
0 ; 52 ; 4 ; 66.50
0 ; 52 ; 6 ; 66.50
0 ; 52 ; 8 ; 66.50
0 ; 52 ; 9 ; 66.44
0 ; 52 ; 11 ; 66.44
0 ; 52 ; 13 ; 66.44
0 ; 52 ; 15 ; 66.44
0 ; 52 ; 17 ; 66.44
0 ; 52 ; 18 ; 66.44
0 ; 52 ; 20 ; 66.37
0 ; 52 ; 22 ; 66.37
0 ; 52 ; 24 ; 66.37
0 ; 52 ; 25 ; 66.37
0 ; 52 ; 27 ; 66.37
0 ; 52 ; 29 ; 66.31
0 ; 52 ; 31 ; 66.31
0 ; 52 ; 33 ; 66.31
0 ; 52 ; 34 ; 66.31
0 ; 52 ; 36 ; 66.31
0 ; 52 ; 38 ; 66.31
0 ; 52 ; 40 ; 66.25
0 ; 52 ; 41 ; 66.25
0 ; 52 ; 43 ; 66.25
0 ; 52 ; 45 ; 66.25
0 ; 52 ; 47 ; 66.25
0 ; 52 ; 49 ; 66.25
0 ; 52 ; 50 ; 66.25
0 ; 52 ; 52 ; 66.19
0 ; 52 ; 54 ; 66.19
0 ; 52 ; 56 ; 66.19
0 ; 52 ; 57 ; 66.19
0 ; 52 ; 59 ; 66.19
0 ; 53 ; 1 ; 66.19
0 ; 53 ; 3 ; 66.12
0 ; 53 ; 5 ; 66.12
0 ; 53 ; 6 ; 66.12
0 ; 53 ; 8 ; 66.12
0 ; 53 ; 10 ; 66.12
0 ; 53 ; 12 ; 66.12
0 ; 53 ; 13 ; 66.06
0 ; 53 ; 15 ; 66.06
0 ; 53 ; 17 ; 66.06
0 ; 53 ; 19 ; 66.06
0 ; 53 ; 21 ; 66.06
0 ; 53 ; 22 ; 66.00
0 ; 53 ; 24 ; 66.00
0 ; 53 ; 26 ; 66.00
0 ; 53 ; 28 ; 66.00
0 ; 53 ; 30 ; 66.00
0 ; 53 ; 31 ; 66.00
0 ; 53 ; 33 ; 66.00
0 ; 53 ; 35 ; 65.94
0 ; 53 ; 37 ; 65.94
0 ; 53 ; 38 ; 65.94
0 ; 53 ; 40 ; 65.94
0 ; 53 ; 42 ; 65.94
0 ; 53 ; 44 ; 65.87
0 ; 53 ; 46 ; 65.87
0 ; 53 ; 47 ; 65.87
0 ; 53 ; 49 ; 65.87
0 ; 53 ; 51 ; 65.87
0 ; 53 ; 53 ; 65.87
0 ; 53 ; 54 ; 65.87
0 ; 53 ; 56 ; 65.81
0 ; 53 ; 58 ; 65.81
0 ; 54 ; 0 ; 65.81
0 ; 54 ; 2 ; 65.81
0 ; 54 ; 3 ; 65.81
0 ; 54 ; 5 ; 65.81
0 ; 54 ; 7 ; 65.75
0 ; 54 ; 9 ; 65.75
0 ; 54 ; 10 ; 65.75
0 ; 54 ; 12 ; 65.75
0 ; 54 ; 14 ; 65.75
0 ; 54 ; 16 ; 65.75
0 ; 54 ; 18 ; 65.75
0 ; 54 ; 19 ; 65.69
0 ; 54 ; 21 ; 65.69
0 ; 54 ; 23 ; 65.69
0 ; 54 ; 25 ; 65.69
0 ; 54 ; 26 ; 65.69
0 ; 54 ; 28 ; 65.62
0 ; 54 ; 30 ; 65.62
0 ; 54 ; 32 ; 65.62
0 ; 54 ; 34 ; 65.62
0 ; 54 ; 35 ; 65.62
0 ; 54 ; 37 ; 65.62
0 ; 54 ; 39 ; 65.62
0 ; 54 ; 41 ; 65.56
0 ; 54 ; 42 ; 65.56
0 ; 54 ; 44 ; 65.56
0 ; 54 ; 46 ; 65.56
0 ; 54 ; 48 ; 65.56
0 ; 54 ; 50 ; 65.56
0 ; 54 ; 51 ; 65.50
0 ; 54 ; 53 ; 65.50
0 ; 54 ; 55 ; 65.50
0 ; 54 ; 57 ; 65.50
0 ; 54 ; 59 ; 65.50
0 ; 55 ; 0 ; 65.50
0 ; 55 ; 2 ; 65.50
0 ; 55 ; 4 ; 65.44
0 ; 55 ; 6 ; 65.44
0 ; 55 ; 7 ; 65.44
0 ; 55 ; 9 ; 65.44
0 ; 55 ; 11 ; 65.44
0 ; 55 ; 13 ; 65.44
0 ; 55 ; 15 ; 65.37
0 ; 55 ; 16 ; 65.37
0 ; 55 ; 18 ; 65.37
0 ; 55 ; 20 ; 65.37
0 ; 55 ; 22 ; 65.37
0 ; 55 ; 23 ; 65.37
0 ; 55 ; 25 ; 65.31
0 ; 55 ; 27 ; 65.31
0 ; 55 ; 29 ; 65.31
0 ; 55 ; 31 ; 65.31
0 ; 55 ; 32 ; 65.31
0 ; 55 ; 34 ; 65.31
0 ; 55 ; 36 ; 65.25
0 ; 55 ; 38 ; 65.25
0 ; 55 ; 39 ; 65.25
0 ; 55 ; 41 ; 65.25
0 ; 55 ; 43 ; 65.25
0 ; 55 ; 45 ; 65.25
0 ; 55 ; 47 ; 65.19
0 ; 55 ; 48 ; 65.19
0 ; 55 ; 50 ; 65.19
0 ; 55 ; 52 ; 65.19
0 ; 55 ; 54 ; 65.19
0 ; 55 ; 55 ; 65.19
0 ; 55 ; 57 ; 65.12
0 ; 55 ; 59 ; 65.12
0 ; 56 ; 1 ; 65.12
0 ; 56 ; 3 ; 65.12
0 ; 56 ; 4 ; 65.12
0 ; 56 ; 6 ; 65.12
0 ; 56 ; 8 ; 65.06
0 ; 56 ; 10 ; 65.06
0 ; 56 ; 11 ; 65.06
0 ; 56 ; 13 ; 65.06
0 ; 56 ; 15 ; 65.06
0 ; 56 ; 17 ; 65.06
0 ; 56 ; 19 ; 65.06
0 ; 56 ; 20 ; 65.00
0 ; 56 ; 22 ; 65.00
0 ; 56 ; 24 ; 65.00
0 ; 56 ; 26 ; 65.00
0 ; 56 ; 27 ; 65.00
0 ; 56 ; 29 ; 65.00
0 ; 56 ; 31 ; 65.00
0 ; 56 ; 33 ; 64.94
0 ; 56 ; 35 ; 64.94
0 ; 56 ; 36 ; 64.94
0 ; 56 ; 38 ; 64.94
0 ; 56 ; 40 ; 64.94
0 ; 56 ; 42 ; 64.87
0 ; 56 ; 44 ; 64.94
0 ; 56 ; 45 ; 64.87
0 ; 56 ; 47 ; 64.87
0 ; 56 ; 49 ; 64.87
0 ; 56 ; 51 ; 64.87
0 ; 56 ; 52 ; 64.87
0 ; 56 ; 54 ; 64.87
0 ; 56 ; 56 ; 64.81
0 ; 56 ; 58 ; 64.81
0 ; 57 ; 0 ; 64.81
0 ; 57 ; 1 ; 64.81
0 ; 57 ; 3 ; 64.75
0 ; 57 ; 5 ; 64.81
0 ; 57 ; 7 ; 64.75
0 ; 57 ; 8 ; 64.75
0 ; 57 ; 10 ; 64.75
0 ; 57 ; 12 ; 64.75
0 ; 57 ; 14 ; 64.75
0 ; 57 ; 16 ; 64.69
0 ; 57 ; 17 ; 64.69
0 ; 57 ; 19 ; 64.69
0 ; 57 ; 21 ; 64.69
0 ; 57 ; 23 ; 64.69
0 ; 57 ; 24 ; 64.69
0 ; 57 ; 26 ; 64.69
0 ; 57 ; 28 ; 64.62
0 ; 57 ; 30 ; 64.62
0 ; 57 ; 32 ; 64.62
0 ; 57 ; 33 ; 64.62
0 ; 57 ; 35 ; 64.62
0 ; 57 ; 37 ; 64.62
0 ; 57 ; 39 ; 64.62
0 ; 57 ; 40 ; 64.56
0 ; 57 ; 42 ; 64.56
0 ; 57 ; 44 ; 64.56
0 ; 57 ; 46 ; 64.56
0 ; 57 ; 48 ; 64.56
0 ; 57 ; 49 ; 64.50
0 ; 57 ; 51 ; 64.56
0 ; 57 ; 53 ; 64.50
0 ; 57 ; 55 ; 64.50
0 ; 57 ; 56 ; 64.50
0 ; 57 ; 58 ; 64.50
0 ; 58 ; 0 ; 64.50
0 ; 58 ; 2 ; 64.50
0 ; 58 ; 4 ; 64.44
0 ; 58 ; 5 ; 64.44
0 ; 58 ; 7 ; 64.44
0 ; 58 ; 9 ; 64.44
0 ; 58 ; 11 ; 64.44
0 ; 58 ; 13 ; 64.44
0 ; 58 ; 14 ; 64.37
0 ; 58 ; 16 ; 64.37
0 ; 58 ; 18 ; 64.37
0 ; 58 ; 20 ; 64.37
0 ; 58 ; 21 ; 64.37
0 ; 58 ; 23 ; 64.37
0 ; 58 ; 25 ; 64.31
0 ; 58 ; 27 ; 64.31
0 ; 58 ; 29 ; 64.31
0 ; 58 ; 30 ; 64.31
0 ; 58 ; 32 ; 64.31
0 ; 58 ; 34 ; 64.31
0 ; 58 ; 36 ; 64.31
0 ; 58 ; 37 ; 64.25
0 ; 58 ; 39 ; 64.25
0 ; 58 ; 41 ; 64.25
0 ; 58 ; 43 ; 64.25
0 ; 58 ; 45 ; 64.25
0 ; 58 ; 46 ; 64.25
0 ; 58 ; 48 ; 64.19
0 ; 58 ; 50 ; 64.19
0 ; 58 ; 52 ; 64.19
0 ; 58 ; 53 ; 64.19
0 ; 58 ; 55 ; 64.19
0 ; 58 ; 57 ; 64.19
0 ; 58 ; 59 ; 64.19
0 ; 59 ; 1 ; 64.12
0 ; 59 ; 2 ; 64.12
0 ; 59 ; 4 ; 64.12
0 ; 59 ; 6 ; 64.12
0 ; 59 ; 8 ; 64.12
0 ; 59 ; 9 ; 64.12
0 ; 59 ; 11 ; 64.06
0 ; 59 ; 13 ; 64.06
0 ; 59 ; 15 ; 64.06
0 ; 59 ; 17 ; 64.06
0 ; 59 ; 18 ; 64.06
0 ; 59 ; 20 ; 64.06
0 ; 59 ; 22 ; 64.00
0 ; 59 ; 24 ; 64.00
0 ; 59 ; 25 ; 64.00
0 ; 59 ; 27 ; 64.00
0 ; 59 ; 29 ; 64.00
0 ; 59 ; 31 ; 64.00
0 ; 59 ; 33 ; 64.00
0 ; 59 ; 34 ; 63.94
0 ; 59 ; 36 ; 63.94
0 ; 59 ; 38 ; 63.94
0 ; 59 ; 40 ; 63.94
0 ; 59 ; 42 ; 63.94
0 ; 59 ; 43 ; 63.94
0 ; 59 ; 45 ; 63.94
0 ; 59 ; 47 ; 63.88
0 ; 59 ; 49 ; 63.88
0 ; 59 ; 50 ; 63.88
0 ; 59 ; 52 ; 63.88
0 ; 59 ; 54 ; 63.88
0 ; 59 ; 56 ; 63.88
0 ; 59 ; 58 ; 63.81
0 ; 59 ; 59 ; 63.81
1 ; 0 ; 1 ; 63.81
1 ; 0 ; 3 ; 63.81
1 ; 0 ; 5 ; 63.81
1 ; 0 ; 6 ; 63.81
1 ; 0 ; 8 ; 63.81
1 ; 0 ; 10 ; 63.75
1 ; 0 ; 12 ; 63.75
1 ; 0 ; 14 ; 63.75
1 ; 0 ; 15 ; 63.75
1 ; 0 ; 17 ; 63.75
1 ; 0 ; 19 ; 63.75
1 ; 0 ; 21 ; 63.75
1 ; 0 ; 22 ; 63.69
1 ; 0 ; 24 ; 63.69
1 ; 0 ; 26 ; 63.69
1 ; 0 ; 28 ; 63.69
1 ; 0 ; 30 ; 63.69
1 ; 0 ; 31 ; 63.69
1 ; 0 ; 33 ; 63.63
1 ; 0 ; 35 ; 63.63
1 ; 0 ; 37 ; 63.63
1 ; 0 ; 38 ; 63.63
1 ; 0 ; 40 ; 63.63
1 ; 0 ; 42 ; 63.63
1 ; 0 ; 44 ; 63.56
1 ; 0 ; 46 ; 63.56
1 ; 0 ; 47 ; 63.56
1 ; 0 ; 49 ; 63.56
1 ; 0 ; 51 ; 63.56
1 ; 0 ; 53 ; 63.56
1 ; 0 ; 54 ; 63.56
1 ; 0 ; 56 ; 63.50
1 ; 0 ; 58 ; 63.50
1 ; 1 ; 0 ; 63.50
1 ; 1 ; 2 ; 63.50
1 ; 1 ; 3 ; 63.50
1 ; 1 ; 5 ; 63.50
1 ; 1 ; 7 ; 63.50
1 ; 1 ; 9 ; 63.44
1 ; 1 ; 11 ; 63.44
1 ; 1 ; 12 ; 63.44
1 ; 1 ; 14 ; 63.44
1 ; 1 ; 16 ; 63.44
1 ; 1 ; 18 ; 63.44
1 ; 1 ; 19 ; 63.44
1 ; 1 ; 21 ; 63.38
1 ; 1 ; 23 ; 63.38
1 ; 1 ; 25 ; 63.38
1 ; 1 ; 27 ; 63.38
1 ; 1 ; 28 ; 63.38
1 ; 1 ; 30 ; 63.38
1 ; 1 ; 32 ; 63.38
1 ; 1 ; 34 ; 63.31
1 ; 1 ; 35 ; 63.31
1 ; 1 ; 37 ; 63.31
1 ; 1 ; 39 ; 63.31
1 ; 1 ; 41 ; 63.31
1 ; 1 ; 43 ; 63.31
1 ; 1 ; 44 ; 63.25
1 ; 1 ; 46 ; 63.25
1 ; 1 ; 48 ; 63.25
1 ; 1 ; 50 ; 63.25
1 ; 1 ; 51 ; 63.25
1 ; 1 ; 53 ; 63.25
1 ; 1 ; 55 ; 63.19
1 ; 1 ; 57 ; 63.19
1 ; 1 ; 59 ; 63.19
1 ; 2 ; 0 ; 63.19
1 ; 2 ; 2 ; 63.19
1 ; 2 ; 4 ; 63.19
1 ; 2 ; 6 ; 63.19
1 ; 2 ; 7 ; 63.13
1 ; 2 ; 9 ; 63.13
1 ; 2 ; 11 ; 63.13
1 ; 2 ; 13 ; 63.13
1 ; 2 ; 15 ; 63.13
1 ; 2 ; 16 ; 63.13
1 ; 2 ; 18 ; 63.13
1 ; 2 ; 20 ; 63.06
1 ; 2 ; 22 ; 63.06
1 ; 2 ; 23 ; 63.06
1 ; 2 ; 25 ; 63.06
1 ; 2 ; 27 ; 63.06
1 ; 2 ; 29 ; 63.06
1 ; 2 ; 31 ; 63.00
1 ; 2 ; 32 ; 63.00
1 ; 2 ; 34 ; 63.00
1 ; 2 ; 36 ; 63.00
1 ; 2 ; 38 ; 63.00
1 ; 2 ; 39 ; 63.00
1 ; 2 ; 41 ; 63.00
1 ; 2 ; 43 ; 62.94
1 ; 2 ; 45 ; 62.94
1 ; 2 ; 47 ; 62.94
1 ; 2 ; 48 ; 62.94
1 ; 2 ; 50 ; 62.94
1 ; 2 ; 52 ; 62.94
1 ; 2 ; 54 ; 62.94
1 ; 2 ; 56 ; 62.94
1 ; 2 ; 57 ; 62.88
1 ; 2 ; 59 ; 62.88
1 ; 3 ; 1 ; 62.88
1 ; 3 ; 3 ; 62.88
1 ; 3 ; 4 ; 62.88
1 ; 3 ; 6 ; 62.88
1 ; 3 ; 8 ; 62.81
1 ; 3 ; 10 ; 62.81
1 ; 3 ; 12 ; 62.81
